{
    "left_K": [
        [
            1788.2040078469254,
            0.0,
            585.7692800377072
        ],
        [
            0.0,
            1785.1975458627835,
            506.1459374668738
        ],
        [
            0.0,
            0.0,
            1.0
        ]
    ],
    "left_dist": [
        [
            -0.11406246729442915,
            -0.1320030003094356,
            0.0022567786794320515,
            0.004998023286244896,
            2.343360564119873
        ]
    ],
    "right_K": [
        [
            1813.1467931066973,
            0.0,
            614.2580869478375
        ],
        [
            0.0,
            1811.384368362488,
            539.6328895212717
        ],
        [
            0.0,
            0.0,
            1.0
        ]
    ],
    "right_dist": [
        [
            -0.1745350743944491,
            0.9671531366889808,
            0.0035308802365070185,
            0.011751428962025766,
            -3.8471625898544723
        ]
    ],
    "T_ltr": [
        [
            0.8562082609315269,
            -0.004969614951125926,
            -0.516606926821397,
            0.14990024148844108
        ],
        [
            0.008096159336110478,
            0.9999600091564453,
            0.0037989856338927243,
            0.001933436406400948
        ],
        [
            0.5165673877788017,
            -0.007435254876583643,
            0.8562142552353965,
            0.045395321367062084
        ],
        [
            0.0,
            0.0,
            0.0,
            1.0
        ]
    ],
    "#debug_rms_left": 0.27043321246842106,
    "#debug_rms_right": 0.2894006316015941,
    "#debug_ltr_mean_dev_angle": 0.3055549671651354,
    "H": [
        [
            -1.0279399385309937,
            0.008793309558312255,
            1088.8044691165655
        ],
        [
            -0.029291561694258932,
            1.0158330866448724,
            25.979403951164954
        ],
        [
            -2.5439430280584757e-05,
            2.2409915062479445e-06,
            1.0188967444053227
        ]
    ],
    "u": [
        -0.9535002346152915,
        -0.0004080763232762092,
        -0.3013919973428256,
        0.07805044887390007
    ],
    "#debug_laser_plane_error": 4.9881417091869735e-05
}