{
    "left_K": [
        [
            1788.204109681022,
            0.0,
            585.7693180163121
        ],
        [
            0.0,
            1785.1976089925056,
            506.1458085510842
        ],
        [
            0.0,
            0.0,
            1.0
        ]
    ],
    "left_dist": [
        [
            -0.11406256480869886,
            -0.1319992095449763,
            0.0022567825481653488,
            0.004998027845059687,
            2.343318283945566
        ]
    ],
    "right_K": [
        [
            1813.1467137496415,
            0.0,
            614.2581594527823
        ],
        [
            0.0,
            1811.384293262093,
            539.632922568224
        ],
        [
            0.0,
            0.0,
            1.0
        ]
    ],
    "right_dist": [
        [
            -0.17453527442462186,
            0.9671586296282053,
            0.003530876095605204,
            0.011751435953637916,
            -3.847210511338136
        ]
    ],
    "T_ltr": [
        [
            0.856208263292096,
            -0.0049696139034137755,
            -0.5166069229191402,
            0.1499002365661695
        ],
        [
            0.008096176051274731,
            0.9999600089078993,
            0.0037990154331510873,
            0.001933458985455647
        ],
        [
            0.5165673836041897,
            -0.007435289003498963,
            0.8562142574576508,
            0.045395361916678305
        ],
        [
            0.0,
            0.0,
            0.0,
            1.0
        ]
    ],
    "#debug_rms_left": 0.2704332183115979,
    "#debug_rms_right": 0.28940057294557553,
    "#debug_ltr_mean_dev_angle": 0.30555486548283567,
    "H": [
        [
            0.8504699631332753,
            0.0013233033770946397,
            81.20505057233049
        ],
        [
            -0.1731706282572947,
            1.0164051918089225,
            103.15762073113115
        ],
        [
            -0.00031338992566330183,
            3.386124105641987e-06,
            1.173356354931015
        ]
    ],
    "u": [
        0.3079766710575238,
        -0.015792424797222093,
        -0.951262828772022,
        0.2711710472113012
    ],
    "#debug_laser_plane_error": 0.0004267533586832259
}