{
    "left_K": [
        [
            1773.5529717430202,
            0.0,
            549.8804707622638
        ],
        [
            0.0,
            1790.8016495314143,
            514.2478442381451
        ],
        [
            0.0,
            0.0,
            1.0
        ]
    ],
    "left_dist": [
        [
            -0.16384202351214516,
            0.14036503649643986,
            -0.003935405647341033,
            -0.016481163389355364,
            1.302302502529426
        ]
    ],
    "right_K": [
        [
            1769.1221245881118,
            0.0,
            530.5088195806741
        ],
        [
            0.0,
            1767.9805619975145,
            536.5573785606592
        ],
        [
            0.0,
            0.0,
            1.0
        ]
    ],
    "right_dist": [
        [
            -0.06694148502757521,
            0.4901811831511397,
            0.0015363407399780055,
            -0.010364819454912026,
            -3.0921529933664504
        ]
    ],
    "T_ltr": [
        [
            0.7737886965394838,
            0.002175905647659661,
            -0.633440067048445,
            0.11796514464810968
        ],
        [
            0.012264666267833,
            0.9997551786463164,
            0.018416316982802577,
            -0.0021060144566736453
        ],
        [
            0.6333250595618846,
            -0.02201926893620333,
            0.7735725697867332,
            0.04577275109983129
        ],
        [
            0.0,
            0.0,
            0.0,
            1.0
        ]
    ],
    "#debug_rms_left": 0.2854032842715104,
    "#debug_rms_right": 0.21031563868039949,
    "#debug_ltr_mean_dev_angle": 0.8502761009358598
}