{
    "left_K": [
        [
            1773.583834483089,
            0.0,
            549.9225083919472
        ],
        [
            0.0,
            1790.8458810883808,
            514.2464910152697
        ],
        [
            0.0,
            0.0,
            1.0
        ]
    ],
    "left_dist": [
        [
            -0.16385333343224706,
            0.14046541405845742,
            -0.0039355259993298095,
            -0.016485173627255587,
            1.3009357416452485
        ]
    ],
    "right_K": [
        [
            1768.948677817425,
            0.0,
            530.6014510965551
        ],
        [
            0.0,
            1767.8001117804015,
            536.560125418688
        ],
        [
            0.0,
            0.0,
            1.0
        ]
    ],
    "right_dist": [
        [
            -0.06690268482010439,
            0.4896026588369768,
            0.001536482939302179,
            -0.010364946543372729,
            -3.0881298234897874
        ]
    ],
    "T_ltr": [
        [
            0.7737994982722038,
            0.0021771748363719665,
            -0.6334268674309745,
            0.11795069849149635
        ],
        [
            0.012264944110484378,
            0.9997551211623241,
            0.01841925231033787,
            -0.0021055917534531523
        ],
        [
            0.6333118565285609,
            -0.02202175332340855,
            0.7735833082227862,
            0.04580271576937722
        ],
        [
            0.0,
            0.0,
            0.0,
            1.0
        ]
    ],
    "#debug_rms_left": 0.2854030716673932,
    "#debug_rms_right": 0.21031645247830727,
    "#debug_ltr_mean_dev_angle": 0.8505350222506894,
    "H": [
        [
            -0.9386804585282824,
            -0.03114279956578781,
            1120.6583568750386
        ],
        [
            0.017829761908696326,
            0.9990475992503273,
            -18.9901386693536
        ],
        [
            -4.5434760751922326e-05,
            2.026908573792313e-05,
            0.9812679393799574
        ]
    ],
    "u": [
        -0.943617203491337,
        -0.030517544615943776,
        -0.32962896223754606,
        0.06711245690660042
    ],
    "#debug_laser_plane_error": 0.00011014998706026813
}