{
    "left_K": [
        [
            1722.7648927949883,
            0.0,
            532.0677876705892
        ],
        [
            0.0,
            1724.9496687925798,
            572.1698583266676
        ],
        [
            0.0,
            0.0,
            1.0
        ]
    ],
    "left_dist": [
        [
            -0.12097761488145714,
            0.6335857390265436,
            0.00618787474935619,
            -0.0023268124773857097,
            -5.049353323355895
        ]
    ],
    "right_K": [
        [
            1726.694967681742,
            0.0,
            543.9757515230531
        ],
        [
            0.0,
            1727.244078229736,
            578.5838929892028
        ],
        [
            0.0,
            0.0,
            1.0
        ]
    ],
    "right_dist": [
        [
            -0.09986906540020961,
            -0.3876886572701207,
            0.00416046176212121,
            0.000504895310382658,
            4.240897090275337
        ]
    ],
    "T_ltr": [
        [
            0.8466039163825984,
            0.005518117236186207,
            -0.5321948507340278,
            0.1457927403872246
        ],
        [
            -0.007987164995243351,
            0.9999653698975232,
            -0.0023375630576476687,
            -0.0011540288788748252
        ],
        [
            0.5321635218248103,
            0.006229718121827384,
            0.8466186725150452,
            0.0437606615311262
        ],
        [
            0.0,
            0.0,
            0.0,
            1.0
        ]
    ],
    "#debug_rms_left": 0.28166174679368616,
    "#debug_rms_right": 0.26577768786648737,
    "#debug_ltr_mean_dev_angle": 0.1,
    "H": [
        [
            -1.0127940259076855,
            0.008710355938187557,
            1084.4062380579103
        ],
        [
            -0.0013959964072677107,
            1.0008088425290869,
            -13.525216550065752
        ],
        [
            -1.4119761875778958e-05,
            3.812031630640651e-06,
            1.012323402820051
        ]
    ],
    "u": [
        -0.9607935527424559,
        0.0076409221808723116,
        -0.27715945828485755,
        0.07665409200145001
    ],
    "#debug_laser_plane_error": 2.8704000114198498e-05
}