{
    "left_K": [
        [
            1614.9770960717192,
            0.0,
            493.55344974874066
        ],
        [
            0.0,
            1623.4860296063262,
            654.80769804084
        ],
        [
            0.0,
            0.0,
            1.0
        ]
    ],
    "left_dist": [
        [
            -0.2078978996703392,
            0.6675962067779226,
            0.0069463070797683895,
            -0.006085785830782761,
            -1.9476987415000582
        ]
    ],
    "right_K": [
        [
            1670.8821818389204,
            0.0,
            531.5487108067437
        ],
        [
            0.0,
            1674.9101216223755,
            606.0167712694064
        ],
        [
            0.0,
            0.0,
            1.0
        ]
    ],
    "right_dist": [
        [
            -0.1389898186263385,
            -0.0711355995081088,
            0.00781555959330453,
            0.0020527843085419595,
            0.4888098245487189
        ]
    ],
    "T_ltr": [
        [
            0.8595100841813975,
            0.018998428487785393,
            -0.510765577251915,
            0.13863887244464743
        ],
        [
            -0.03576985103970681,
            0.9990946410805526,
            -0.023030760315694298,
            -0.004322565932778628
        ],
        [
            0.5098656028279263,
            0.038065179352214915,
            0.8594114900173253,
            0.026363537162797428
        ],
        [
            0.0,
            0.0,
            0.0,
            1.0
        ]
    ],
    "#debug_rms_left": 0.5798229928238858,
    "#debug_rms_right": 0.3979784419822717,
    "#debug_ltr_mean_dev_angle": 0.4785836382338671,
    "H": [
        [
            0.8564754365313121,
            -0.009805033624866745,
            101.49070412762671
        ],
        [
            -0.19282510568601957,
            1.0168170957713925,
            135.87694963840113
        ],
        [
            -0.0003493995041078835,
            -2.2644820771569903e-05,
            1.240337973516179
        ]
    ],
    "u": [
        0.2657049724685507,
        0.06819475046952816,
        -0.9616394041499576,
        0.23863455304267206
    ],
    "#debug_laser_plane_error": 0.00040921536273728844
}