{
    "left_K": [
        [
            1614.9770715507761,
            0.0,
            493.5534331254433
        ],
        [
            0.0,
            1623.4860068909854,
            654.8076673388625
        ],
        [
            0.0,
            0.0,
            1.0
        ]
    ],
    "left_dist": [
        [
            -0.20789791748877573,
            0.6675965014556733,
            0.006946300478709257,
            -0.006085786762338084,
            -1.947701582085284
        ]
    ],
    "right_K": [
        [
            1670.881968289974,
            0.0,
            531.5486931272125
        ],
        [
            0.0,
            1674.9099043322703,
            606.0169696420157
        ],
        [
            0.0,
            0.0,
            1.0
        ]
    ],
    "right_dist": [
        [
            -0.1389897882039746,
            -0.07113380094917233,
            0.007815573847187507,
            0.0020527567373225565,
            0.4888000062211542
        ]
    ],
    "T_ltr": [
        [
            0.859510079743308,
            0.01899848755284379,
            -0.510765582523292,
            0.1386388532544274
        ],
        [
            -0.03576983703874262,
            0.99909464480404,
            -0.023030620532493835,
            -0.004322567821758706
        ],
        [
            0.5098656112917159,
            0.03806505214227811,
            0.8594114906303797,
            0.026363569311809044
        ],
        [
            0.0,
            0.0,
            0.0,
            1.0
        ]
    ],
    "#debug_rms_left": 0.57982292359102,
    "#debug_rms_right": 0.39797846455519614,
    "#debug_ltr_mean_dev_angle": 0.4785833064186165,
    "H": [
        [
            -0.9820363774002204,
            -0.008090690109882656,
            1093.0317588800415
        ],
        [
            0.09064512404482937,
            1.0165527171800104,
            -17.003496027759866
        ],
        [
            0.0001007252724684471,
            -2.3064437633764095e-05,
            0.997577699649324
        ]
    ],
    "u": [
        -0.9684207244072484,
        0.020728044540942375,
        -0.24845854525060887,
        0.06910500247554684
    ],
    "#debug_laser_plane_error": 4.000722156358291e-05
}